"lemma_cs","translation_ru","notes"
"aby","чтобы",
"Afrika","Африка",
"aha","ага",
"ach","ах",
"akce","специальное предложение, мероприятие",
"aktivita","мероприятие, действие, инициатива",
"alergie","аллергия",
"alergik, alergička","аллергик, женщина-аллергик",
"alkoholický","алкогольный",
"Amerika","Америка",
"analytik","аналитик",
"ani","даже, даже не",
"aplikace","приложение",
"areál","территория, комплекс",
"Asie","Азия",
"asociace","ассоциация",
"astrofyzik","астрофизик",
"atlet","атлет",
"atletický","атлетический",
"atletika","легкая атлетика",
"atmosféra","атмосфера",
"atraktivní","привлекательный",
"aukce","аукцион",
"aukční","аукционный",
"aukční portál","аукционный портал",
"až","когда",
"bakalář","бакалавр",
"bakalářský","бакалаврский",
"bakalářský program","программа бакалавриата",
"balík","посылка",
"bankovní","банковский",
"barák ., dům","дом",
"barevný","цветной",
"barokní","в стиле барокко",
"báseň","стих",
"bavit, A (Baví mě…)","интересовать, развлекать, веселить кто кого, Мне нравится…",
"bavit se","хорошо проводить время, развлекаться",
"běh","бег",
"běhání","бег трусцой",
"běhat","бегать",
"během","в течение, во время чего",
"benefit","выгода, бонус",
"beran","баран",
"bez","без чего",
"bezpečný","безопасный",
"bezstarostně","беззаботно",
"běžet","бежать",
"bio","био, органическое",
"biologie","биология",
"bioprodukt","биопродукт",
"blog","блог",
"bo ., protože","потому что, иначе",
"bobkový list","лавровый лист",
"bohatý","богатый",
"bohužel","к сожалению",
"bonbón","конфета",
"brácha ., bratr","брат",
"bramborový","картофельный",
"bránit se","сопротивляться чему, защищаться от чего",
"bránit se manipulaci","противостоять манипуляциям",
"bratranec","двоюродный брат",
"brněnský","брненский",
"brokolice","брокколи",
"brusinka","брусника",
"brýle","очки",
"břeh","берег",
"buď – nebo","или – или",
"být v důchodu","быть на пенсии",
"být v pubertě","быть подростком, в переходном возрасте",
"bytost","существо, создание",
"byznys","бизнес",
"cena","цена",
"certifikát","сертификат",
"cibule","лук",
"cibulka","луковица",
"cítit","чувствовать",
"cizinec","иностранец",
"cizinecká policie","полиция по делам иностранцев",
"cože","Что? (восклицание, переспрашивание)",
"cukrárna","кафе, кафетерий",
"cvičení","упражнение",
"cyklus, cyklu","цикл",
"čas od času","временами, время от времени",
"časopis","журнал",
"často","часто",
"častý","частый",
"Čechy","Чехия",
"čekat","ждать",
"čerstvě","свежо, свежее",
"čerstvý","свежий",
"česká kuchyně","чешская кухня",
"článek","статья",
"čtenář","читатель",
"čtení","чтение",
"čtvrt","четверть",
"čtvrť","район",
"dál, dále","дальше (здесь: в том же духе)",
"dámský","дамский, женский",
"dát (si) pozor na","быть осторожным, обратить внимание на что",
"dávat (si) pozor na","быть осторожным, обращать внимание на что",
"dědictví","наследие",
"dějepis","история",
"dělat","делать что",
"dělat kariéru","делать карьеру",
"dělník","рабочий",
"denně","каждый день, ежедневно",
"denní","дневной, ежедневный",
"dětské hřiště","детская игровая площадка",
"dětský","детский",
"dětství","детство",
"dieta","диета",
"dietní","диетический",
"diplomovaný specialista","дипломированный специалист",
"diskutovat o","обсуждать, дискутировать о чем",
"diskuze","дискуссия",
"divadelní","театральный",
"divák","зритель",
"dívání se","наблюдение",
"dívat se na","смотреть на что",
"divný","странный",
"divoký","дикий",
"dlouho","долгое время, долго",
"dlouhodobě","долгосрочно",
"dlouhodobý","долгосрочный",
"dlouhodobý pobyt","долгосрочное пребывание",
"dlouholetý","многолетний",
"dlouhý","длинный",
"dnešní","сегодняшний",
"doba","время, период",
"docela","довольно, достаточно",
"dodržet","соблюсти что",
"dodržet termín","уложиться в срок, соблюсти срок",
"dodržovat","соблюдать что",
"dodržovat zásady","соблюдать принципы",
"docházka","посещаемость",
"dojíždět","догонять, доезжать",
"dokdy","до скольки, до каких пор",
"dokončovat","заканчивать что",
"dolní","нижний",
"dolů","вниз",
"domácí","домашний",
"domácí mazlíček","домашнее животное, любимчик",
"dominanta","доминанта",
"domluvit (si) ., A","договориться с кем о чем",
"domluvit si schůzku","договориться о встрече",
"doplnit","дополнить что",
"doporučení","рекомендация",
"doporučovat, A","рекомендовать кому что",
"dopsat, dopíšu","дописать что",
"dospělý","взрослый",
"dospívající","взрослеющий, подросток",
"dostat, dostanu","получить (здесь: захотеть) что",
"dostat chuť na","захотеть чего-то (из еды)",
"dostat slevu","получить скидку",
"dostatek","достаток, необходимое количество",
"dostávat","получать что",
"dostudovat","закончить обучение",
"doufat","надеяться",
"drahý","дорогой",
"druhý stupeň (základní školy)","второй уровень (начальной школы), средняя школа",
"držet dietu","быть на диете",
"držet se","держаться, придерживаться чего, соблюдать что",
"držet se pravidla","придерживаться правил",
"důchod","пенсия",
"důchodce","пенсионер",
"důchodkyně","пенсионер (женщина)",
"důležitost","важность",
"důležitý","важный",
"dusit","тушить что",
"dušený","тушеный",
"efektivně","эффективно",
"ekologický","экологический",
"elektrický","электрический",
"elektrikář","электрик",
"etapa","этап",
"euro","евро",
"Evropa","Европа",
"evropský","европейский",
"existovat","существовать",
"exotický","экзотический",
"extrémně","очень, крайне, экстремально",
"Fairtrade","справедливая, добросовестная торговля",
"fairtradový","из/на основании добросовестной торговли",
"farma","ферма",
"federace","федерация",
"fér","честно, порядочно",
"férový","честный, порядочный",
"festival","фестиваль",
"filmový","кинематографический, кино-",
"finanční","финансовый",
"finanční úřad","налоговый орган",
"folklórní","фольклорный",
"formulář","бланк",
"Formule 1","Формула 1",
"francouzský","французский",
"fungovat","работать, действовать, функционировать",
"fyzik","физик",
"fyzika","физика",
"gepard","гепард",
"globus, glóbu","глобус, земной шар",
"gotický","готический",
"GPS, džípíeska","GPS",
"gratulovat","поздравлять кого",
"gymnázium, gymnázia ., ., ., gympl","гимназия",
"hádat se s","спорить, ругаться с кем",
"handicapovaný, člověk/ dítě s handicapem","инвалид; человек, ребенок с ограниченными возможностями",
"hasič","пожарник",
"hele","эй, смотри",
"historický","исторический",
"hladká mouka","мука мелкого помола",
"hladký","гладкий (здесь: мелкого помола)",
"hlavně","в основном, главное",
"hlavní","главный, основной",
"hlavní hrdina","главный герой",
"hlavní jídlo","основное, главное блюдо",
"hledání","поиск",
"hlediště","зрительный зал",
"hlídání","наблюдение (здесь: няня)",
"hlučně","шумно",
"hlučný","шумный",
"hned","немедленно, сразу",
"hobby","хобби",
"hodit se, D (Hodí se vám termín…?)","подходить, быть удобным кому что (Вам подходит этот день/ время…?)",
"hodnocení","оценка",
"hodnotit","оценивать что",
"holka","девушка",
"horní","верхний",
"hororový","ужасный, страшный, из фильма ужасов",
"hořký","горький",
"hospoda","трактир",
"hotový","готовый",
"houba","гриб",
"houska","булочка",
"houskový","булочный, хлебный",
"housle","скрипка",
"houslista","скрипач",
"houslový","скрипичный",
"hra","игра",
"hráč","игрок",
"hračka","игрушка",
"hraní","играние",
"hranolky","картофель фри",
"hravý","игривый",
"hrdina","герой",
"hrnec","горшок, кастрюля",
"hrozně","ужасно",
"hřiště","игровая площадка",
"hudebně","музыкально",
"hurá","ура",
"chatovat","общаться в чате",
"chemie","химия",
"chléb, chleba, chleba","хлеб",
"chlupatý","волосатый, лохматый",
"chod","блюдо",
"chov","разведение",
"chovat","разводить (животных) кого",
"chroustat","хрустеть, грызть чем",
"chudý","бедный",
"chuť","вкус",
"chutnat, D","нравиться (о еде) кому что",
"chvíle","минутка, момент",
"chyba","ошибка",
"chybět, D","отсутствовать, не хватать чего кому",
"chytrý","умный",
"chytrý telefon","смартфон",
"ideální","идеальный",
"ideální pár","идеальная пара",
"individuální vzdělávací plán","индивидуальный учебный план",
"informatika","информатика",
"ingredience","ингредиент",
"inspirace","вдохновение",
"instalatér","сантехник",
"instituce","учреждение, институт",
"inteligentně","разумно, интеллигентно",
"inzerát","объявление",
"inzertní","по объявлению",
"inzertní portál","портал объявлений",
"inženýr","инженер",
"jahoda","клубника",
"jahodový","клубничный",
"jakmile","как только",
"jasně","ясно, конечно, понятно",
"jasný","понятный, ясный",
"jazykový","языковой",
"jednak – jednak","с одной стороны – с другой стороны",
"jednoduchý","простой",
"jednou","один раз, однажды",
"jednoznačně","однозначно",
"jen","только",
"jestli","если (здесь: -ли, что)",
"jezírko","небольшое озеро",
"jihočeský","Южно-чешский",
"jinak","по-другому (здесь: в остальном)",
"jindy","в другой раз",
"jiný","другой",
"jistý","уверенный, определенный, бесспорный",
"jizerský","в Йизерских горах, йизерский",
"jižní","южный",
"jogging","джоггинг, оздоровительный бег",
"jogurt","йогурт",
"kachna","утка",
"kakao","какао",
"kakaový","из какао",
"kapr","карп",
"karate","каратэ",
"karetní","карточный",
"kariéra","карьера",
"kategorie","категория",
"každoročně","каждый год, ежегодно",
"kdyby","если бы",
"kelímek","стаканчик, баночка",
"kilogram, kilo","килограмм",
"kilometr","километр",
"klavír","пианист",
"klenot","сокровище, драгоценность",
"klíč","ключ",
"klient","клиент",
"klientka","клиент (женщина)",
"klobása","колбаса",
"kluk","мальчик",
"kmín","тмин",
"kněz","священник",
"kobliha","пончик, пышка",
"koláč","пирог, кекс",
"kolikrát","сколько раз",
"kolo","велосипед",
"komentář","комментарий",
"komplikace","проблема, осложнение",
"konat se","проходить, совершаться",
"končit","кончить, кончиться, закончить(ся)",
"konec","конец",
"konečně","наконец-то",
"koníček","хобби, увлечение",
"konkrétní","конкретный",
"kontrolovat","проверять что",
"konverzovat","разговаривать",
"konzumovat","потреблять, съедать что",
"kopec","холм",
"kopie","копия",
"kopr","укроп",
"kostel","церковь, костел",
"košík","корзинка",
"koupání","купание",
"koupený","купленный",
"koupit ., A","купить кому что",
"kousek","кусок",
"kouzelný","волшебный",
"kouzlo","колдовство, волшебство",
"koza","коза",
"krájet","резать что",
"králík","кролик",
"krátký","короткий",
"kráva","корова",
"krev","кровь",
"krocan","индюк",
"kroj","национальный костюм",
"kroužek","кружок",
"krumlovský","из Крумлова, в Крумлове, крумловский",
"křeček","хомяк",
"křišťálový","хрустальный",
"kulajda","суп из грибов с картошкой",
"kulturní","культурный",
"kulturní akce","культурное мероприятие",
"kůň, koně","лошадь",
"kupodivu","как это ни странно",
"kurz","курс",
"kuře, kuřata","цыпленок",
"kvalita","качество",
"kvůli","из-за чего",
"kytara","гитара",
"labyrint","лабиринт",
"láhev","бутылка",
"lavice","скамейка (здесь: парта)",
"lázně","курорт",
"lednička","холодильник",
"legenda","легенда, миф, сказание",
"lehký","легкий (здесь: простой)",
"lékař, lékařka","врач, женщина-врач",
"leták","листовка",
"letní","летний",
"letos","в этом году",
"lev","лев",
"levně","дешево",
"levný","дешевый",
"ležet","располагаться",
"lidová hudba","народная музыка",
"lidový","народный",
"lidský","человеческий",
"limonáda","лимонад",
"lít, liju","лить что",
"litr","литр",
"loď","корабль",
"louka","луг",
"lyžařský","лыжный",
"lyže","лыжи",
"lžíce","ложка",
"magazín","журнал",
"magický","волшебный",
"magie","магия",
"magisterský","магистерский",
"magisterský program","магистерская программа",
"magistr","магистр",
"magistrát","мэрия",
"majitelka","владелица",
"makový","маковый",
"malíř","художник",
"málo","мало, немного (здесь: менее)",
"málokdy","редко",
"malovat","рисовать что",
"malý","маленький, небольшой",
"manipulace","манипуляция",
"maraton","марафон",
"mariánský","марианский",
"máslo","масло",
"matematik","математик",
"mateřská škola, školka","детский сад",
"maturita, matura","выпускной экзамен на аттестат зрелости, выпускной экзамен",
"maturovat","сдавать выпускные экзамены на аттестат зрелости",
"mazlíček .-","домашнее животное, любимчик",
"medaile","медаль",
"medicína","медицина",
"medvěd","медведь",
"měkký","мягкий",
"méně, míň","меньше",
"městský úřad","муниципалитет",
"mezinárodní","международный",
"Mezinárodní asociace atletických federací","Международная ассоциация федераций по легкой атлетике",
"míchat","перемешивать, смешивать что",
"miláček .-","любимый, любимая",
"mimopracovní","нерабочий, неслужебный",
"mimopracovní konverzace","нерабочие разговоры",
"mínění","мнение",
"ministerstvo","министерство",
"Ministerstvo vnitra","Министерство внутренних дел",
"minulost","прошлое",
"minulý","прошлый",
"místo","место",
"místo","место, вместо чего",
"mistrovství","чемпионат",
"mít hlídání","иметь няню",
"mít maturitu","закончить среднюю школу с аттестатом зрелости",
"mít platnost","быть действительным",
"mít pořádek","соблюдать порядок",
"mít svatbu","иметь свадьбу, жениться, выйти замуж",
"mít zodpovědnost za","быть ответственным за что",
"mítink","митинг",
"mléčný","молочный",
"mlsný","привередливый, разборчивый, жадный",
"mlýn","мельница",
"mlýnské kolo","мельничное колесо",
"mlýnský","мельничный",
"mňam","ням-ням",
"mnohem víc","намного больше",
"mnoho","много",
"mnohý","многий",
"moct, můžu","мочь",
"Morava","Моравия",
"morče, morčata","морская свинка",
"motiv","мотив",
"motivovat","мотивировать кого",
"motorka","мотоцикл",
"moučník","десерт, сладкое",
"moudrý","мудрый",
"mouka","мука",
"možná","может быть, возможно",
"mravenec","муравей",
"mrkvový","морковный",
"myslet","думать",
"mýt nádobí","мыть посуду",
"na svůj věk","для его / ее возраста",
"nabízet, A","предлагать кому что",
"nábytek","мебель",
"nadace","благотворительный фонд",
"nadaný","одаренный, талантливый",
"nádobí","посуда",
"najíst se, najím se","наесться, накушаться (здесь: удовлетвориться)",
"najít","найти кого, что",
"nakonec","в конце концов, в итоге",
"nakrájený","нарезанный",
"nakrájet","нарезать что",
"nákup","покупка",
"nákupní","покупательский",
"nakupování","поход по магазинам, шоппинг",
"nakupovat, A","покупать кому что",
"nakupovat na inzerát","покупать по объявлению",
"nálada","настроение",
"naladit","создать настроение, настроить что",
"nalít, naliju","налить что",
"naopak","напротив, наоборот",
"naparovat se","кичиться, хвастаться",
"naplánovat (si) ., A","запланировать кому что",
"nápoj","напиток",
"naproti","напротив чего",
"napsat, napíšu ., A","написать кому что",
"náročný","требовательный",
"narodit se","родиться",
"narozeniny","день рождения",
"nastoupit","войти (здесь: начать работу, выйти на работу)",
"nastupovat","заходить (здесь: начинать работу, выходить на работу)",
"naučit se","научиться, выучиться чему",
"navíc","более того",
"navigace","навигация",
"navrhovat, A","предлагать кому что",
"návštěva","гости, визит, посещение",
"návštěvník","посетитель",
"navštívit","посетить что",
"návyk","привычка",
"názor","мнение",
"nebezpečně","опасно",
"nebezpečný","опасный",
"nedávno","недавно",
"nechat si","оставить что",
"nějak","как-то, как-нибудь",
"nějaký","какой-то, какой-нибудь",
"nejdřív","сначала, раньше всего",
"nejen – ale (i)","не только - но (и)",
"několik","несколько",
"některý","некоторый, какой-то, какой-нибудь",
"neobvyklý","необыкновенный",
"nepořádek","беспорядок",
"nesnášet","не выносить, не переносить что",
"neuvěřitelně","невероятно",
"nevýhoda","недостаток",
"než","чем",
"nízký","низкий",
"notebook","ноутбук",
"nově","по-новому",
"novinář, novinářka","журналист, журналистка",
"noviny","газета, газеты",
"nudit se","скучать",
"nutný","необходимый",
"občanský","гражданский",
"občanský průkaz","удостоверение личности, паспорт",
"občas","иногда",
"občerstvení","фастфуд, перекус",
"obdivovat","восхищаться чем",
"obecní","муниципальный, городской, общественный",
"obecní úřad","муниципальное управление",
"oběd","обед",
"obchodní centrum","торговый центр, супермаркет",
"obchodník","торговец, продавец, коммерсант",
"objednat (se)","записаться куда",
"objevit","открыть что",
"oblečení","одежда",
"oblíbený","любимый, излюбленный",
"obraz","картина",
"obrázek","картинка",
"obrovský","огромный",
"obvykle","обычно, как правило",
"obvyklý","обычный",
"obyčejný","обычный",
"obývák","гостиная комната",
"ocet","уксус",
"odborný","профессиональный, специальный",
"oddělení","отдел",
"odejít, odejdu","уйти",
"odcházet","уходить",
"odkdy","с каких пор",
"odkládat","откладывать что",
"odkud","откуда",
"odměnit","наградить кого",
"odpočinkový","для отдыха",
"odpovídat na","отвечать кому на что",
"odsud, odtud","отсюда, оттуда",
"ochutnat","попробовать что (о еде)",
"ochutnávka","дегустация",
"okno","окно",
"oko","глаз",
"okolí","окрестность",
"okurka","огурец",
"olej","подсолнечное масло",
"oloupaný","очищенный",
"omáčka","соус",
"omezit","ограничить что",
"on-line","онлайн",
"opice","обезьяна",
"opravdový","настоящий",
"opravdu","действительно, на самом деле",
"oprávnění","право, разрешение, патент, авторизация",
"orientovat se","ориентироваться",
"ořechový","ореховый",
"oslava","празднование",
"osmažený","поджаренный",
"osmažit, usmažit","обжарить, пожарить что",
"osmiletý","восьмилетний",
"osoba","человек (здесь: лицо)",
"ostatní","другой, иной",
"ošklivý","уродливый, противный",
"otáčivý","вращающийся",
"otevírací, otvírací","открывающийся",
"otevírací doba","часы работы",
"otevírat","открывать что",
"otevřeno","открыто",
"otevřít, otevřu","открыть что",
"ovce","овца",
"ovlivnit","повлиять на кого",
"označovat","отмечать, обозначать что",
"padesátka . (padesát kilometrů)","50, пятьдесят километров",
"památka","памятник",
"pamatovat si","помнить что",
"panelák","панельный дом",
"paní na úklid","уборщица, нанятая женщина для уборки",
"pánský","мужской",
"papoušek","попугай",
"pár","пара",
"pár","немного, пара",
"parfém","духи",
"parkoviště","стоянка, парковка",
"partnerka","партнер (женщина)",
"patřit mezi","относиться к чему",
"péct, peču","печь, запекать что",
"pečený","запеченый",
"penze","пенсия",
"penzion","пансион",
"perfektně","отлично, идеально",
"perfektní","идеальный",
"personální","персональный",
"personální oddělení","отдел кадров",
"pěstitel","растениевод",
"pěstovat","культивировать, выращивать что",
"pětilistý","пятилистный",
"pevné místo","постоянное место",
"pevný","твердый (здесь: стабильный, постоянный)",
"pilný","прилежный",
"pískoviště","песочница",
"placený","оплаченный",
"plán","план",
"plantáž","плантация",
"plat","зарплата",
"platnost","срок действия",
"plně","в полной мере, полностью",
"plný","полный",
"plný úvazek","полная ставка",
"pneumatika","шина, колесо",
"pobyt","пребывание",
"pocit","чувство, ощущение",
"počasí","погода",
"počítačový","компьютерный",
"podepsat, podepíšu","подписать что",
"podívat se . na","посмотреть на что",
"podle","по, в соответствии с чем",
"podmínka","условие",
"podnikat","заниматься предпринимательством",
"podnikatelský","предпринимательский",
"podnikatelský účet","бизнес-счет, предпринимательский счет",
"podobně","так же, по аналогии, похоже, подобным образом",
"podobný","похожий",
"podusit","потушить что",
"pohádat se . s","поссориться с кем",
"pohádková postava","сказочный персонаж",
"pohádkový","сказочный",
"pohanka","гречка",
"pohled","вид",
"pohodlný","удобный, уютный",
"pohyb","движение",
"pohybovat se","двигаться",
"pojištění","страховка",
"pojišťovna","страховая компания",
"poker","покер",
"pokladna","касса",
"pokoj","комната",
"pokud","если",
"pole","поле",
"politický","политический",
"pomáhat","помогать кому",
"pomalu","медленно",
"pomalý","медленный",
"pomoct, pomůžu","помочь кому",
"popovídat si . s","пообщаться, поговорить с кем",
"poprvé","в первый раз",
"poradce","советник, консультант",
"poradkyně","консультант (женщина)",
"porce","порция",
"porcelán","фарфор",
"porota","жюри",
"porovnat","сравнить что",
"porovnávat","сравнивать кого",
"portál","портал",
"pořad","программа",
"pořádat","организовывать что",
"pořádek","порядок",
"pořídit (si) ., A","приобрести, завести, заиметь кому что",
"poslanec","депутат",
"poslat, pošlu ., A","послать, отправить",
"poslední","последний",
"poslechnout, poslechnu","послушать что (здесь: подчиниться чему)",
"postarat se . o","позаботиться о чем",
"postava","фигура, существо, персонаж",
"postavit","построить что",
"postup","последовательность",
"poštovné","почтовые расходы",
"potkat","встретить кого",
"potkat se . s","встретиться с кем",
"potravina","пищевой продукт",
"potřebný","необходимый",
"potřebovat","нуждаться в чем",
"potvrzení","подтверждение, справка",
"používat","использовать что",
"považovat za","считать кого, что кем, чем",
"povídání","общение, разговоры",
"povídat si","разговаривать, общаться",
"povídka","история, рассказ",
"povinná školní docházka","обязательное образование, обязательное посещение школы",
"povinný","обязательный",
"povolání","профессия",
"povolení","разрешение",
"pozitivně","положительно",
"poznávat","познавать, изучать что",
"pracoviště","место работы",
"pracovitý","трудолюбивый",
"pracovní doba","рабочее время",
"pracovní stůl","рабочий стол",
"praktický","практический",
"prase, prasata","свинья",
"právě","как раз, в это время, именно",
"pravidelně","регулярно, систематически",
"pravidlo","правило",
"pražský","пражский",
"preferovat","предпочитать что",
"prestiž","престиж",
"prestižní","престижный",
"prezentace","слайд-шоу, презентация",
"pro a proti","за и против",
"prodloužit (si) ., A","продлить кому что",
"producent","продюсер",
"produkt","продукт, изделие",
"profese","профессия",
"profesionální","профессиональный",
"programátor","программист",
"programovat","программировать",
"projíždět","проезжать",
"promluvit","заговорить, начать говорить",
"promovat","окончить институт",
"pronajmout si, pronajmu si","арендовать что",
"propustit","уволить кого",
"proslulý","известный, прославившийся",
"proti","против кого",
"prozvonit","позвонить, прозвонить кому",
"průkaz","удостоверение",
"průměrný","в среднем, средний",
"průmyslový","промышленный",
"průzkum","исследование",
"první stupeň (základní školy)","первый уровень (начальной школы), начальная школа",
"první třída","первый класс",
"přece","ведь",
"předem","заранее",
"především","прежде всего, в первую очередь",
"předkrm","закуска",
"přednáška","лекция",
"představit si, a","представить себе что",
"předtím","до этого, перед этим",
"překládat","переводить что",
"překladatelka","переводчица",
"překvapit ., A","удивить кого чем",
"přemýšlet o","размышлять, думать о чем",
"přes","через что (здесь: посредством чего)",
"přesně","точно, именно",
"přesvědčit","убедить кого",
"při","при ком, во время чего",
"příběh","история, рассказ",
"přidat","добавить что",
"přidávat","добавлять что",
"přijemně","приятно",
"přijímací zkouška, přijímačky","вступительный экзамен",
"přijít, přijdu","прийти",
"příklad","пример",
"příkop","ров",
"příliš","слишком",
"přilít, přiliju","долить, добавить что",
"připravit ., A","приготовить кому что",
"příroda","природа",
"přísný","строгий",
"přitom","в то же время, при этом, одновременно",
"přítulný","приветливый, ласковый",
"ptát se na","спрашивать кого о чем",
"puberta","переходный возраст",
"publikovat","публиковать что",
"půjčovat si","одалживать что",
"půl","половина",
"rádio","радио",
"radit, A","советовать кому что",
"rak","рак",
"Rakousko","Австрия",
"rakouský","австрийский",
"razítko","печать",
"recept","рецепт",
"redaktorka","редактор",
"registr","реестр",
"reklamní","рекламный",
"relativní","относительный",
"renesance","Ренессанс",
"renesanční","в стиле ренессанс",
"respekt","уважение",
"respektovat","уважать кого",
"rockový","в стиле рок",
"ročně","ежегодно, каждый год",
"rodič","родитель",
"rodičovská dovolená","декретный отпуск",
"rohlík","рогалик",
"román","роман",
"romantický","романтический",
"rovnou","прямо, сразу",
"rozdělit (si) ., A","разделить что с кем",
"rozdíl","разница",
"rozhodně","определенно",
"rozhodnout (se), rozhodnu (se)","принять решение",
"rozinka","изюм",
"rozmíchat","перемешать, размешать что",
"roztomile","мило, прелестно",
"roztomilý","милый, симпатичный",
"rozvrh","расписание",
"různě","по-разному",
"různý","разный",
"růže","роза",
"ryba","рыба",
"rychle","быстро",
"rychlý","быстрый",
"rýže","рис",
"ředitel","директор",
"řeka","река",
"říct, řeknu ., A","сказать кому что",
"řidičský průkaz, řidičák","водительские права, права",
"řídit","управлять чем (здесь: вести машину)",
"říkat, A","говорить кому что",
"řízek","отбивная",
"sáček","мешочек",
"salát","салат",
"sám","сам, в одиночестве",
"samozřejmě","конечно, само собой разумеется",
"scénář","сценарий",
"sedací souprava, sedačka","набор мягкой мебели",
"sedět","сидеть",
"sedmdesátiletý","семидесятилетний",
"sehnat, seženu ., A","найти кому что",
"sejít se, sejdu se . s","встретиться с кем",
"sekretářka","секретарь (женщина)",
"senior","пенсионер, пожилой человек",
"seniorský","пенсионерский",
"seriál","сериал",
"sestřenice","двоюродная сестра",
"seznam","список",
"seznámit se . s","познакомиться с кем",
"seznamovat se s","знакомиться с кем",
"sezónní","сезонный",
"shánět, A","искать кому что",
"scházet se","встречаться",
"schůzka","встреча",
"silný","сильный",
"síť","сеть",
"skončit","закончить, закончиться",
"skoro","почти",
"skupina","группа",
"skvělý","великолепный, замечательный",
"skypovat","общаться по скайпу",
"sladký","сладкий (здесь: сладость)",
"slaný","соленый",
"slavnost","праздник",
"slavný","известный",
"slepice","курица",
"sleva","скидка",
"Slezsko","Силезия",
"slizký","слизистый",
"slogan","лозунг, девиз",
"slon","слон",
"Slovensko","Словакия",
"slovník","словарь",
"slovo","слово",
"služební","служебный",
"služební auto","служебная машина",
"smažený","жареный",
"smažit","жарить что",
"směr","направление",
"smět","сметь",
"smetana","сливки",
"smlouva","контракт, договор",
"snad","возможно, может быть",
"snídaně","завтрак",
"sníh, sněhu","снег",
"sníst, sním","съесть что",
"sociální síť","социальная сеть",
"sociologický","социологический",
"sortiment","ассортимент",
"současnost","настоящее время",
"součást","составная часть",
"souhlasit s","согласиться с чем",
"soukromý","частный",
"soukromý zemědělec","частный фермер",
"sourozenec","родной брат или сестра",
"soused, sousedka","сосед, соседка",
"soustředit se . na","сконцентрироваться, сосредоточиться на чем",
"soutěž","соревнование",
"sova","сова",
"spánek","сон",
"spisovatel","писатель",
"spisovatelka","писательница",
"spíš, spíše","скорее",
"spíž, špajz","кладовая",
"spokojený","довольный",
"společnost","компания, фирма",
"spolu","вместе",
"spolužák, spolužačka","одноклассник, одноклассница",
"sportovní","спортивный",
"spravedlivý","справедливый",
"správně","правильно",
"stačit, D","хватить, быть достаточным кому что",
"stále","постоянно",
"standard","стандарт",
"stánek","ларек",
"starat se o","заботиться о чем",
"starobylý","древний, старинный",
"starodávný","древний, старинный",
"stáří","старость",
"stát","государство",
"stát se, stanu se","стать кем",
"státní","государственный",
"státní zkouška, státnice","государственный экзамен, госэкзамен",
"stavba","здание, строение",
"stavit se","остановиться, зайти",
"stěhovat se","переезжать",
"stejně","одинаково, точно так же",
"stejný","одинаковый, точно такой же",
"stěžovat si na","жаловаться на что",
"stíhat","успевать что",
"stihnout, stihnu","успеть что",
"století","век",
"stránka","страница",
"strašně","ужасно",
"strašný","ужасный",
"strava","питание",
"strávit","провести что",
"stravovací","касающийся питания, пищеварительный",
"stravovací návyk","режим питания",
"stravování","питание",
"stravovat se","питаться",
"strejda ., strýc","дядя",
"strojírenský","машиностроительный",
"strouhaný","тертый",
"střední","средний",
"střední Evropa","Центральная Европа",
"střední odborná škola","ПТУ, среднее специальное училище",
"střední odborné učiliště, učňák","среднее специальное училище",
"střední škola","средняя школа",
"středověk","средние века",
"středověký","средневековый",
"studium","учеба, обучение",
"stupeň","уровень",
"styl","стиль",
"sůl, soli","поваренная соль",
"surfování","серфинг",
"surfovat","кататься на серфе (здесь: сидеть в интернете)",
"sušenka","бисквит, печенье",
"sušený","сушеный",
"svačina","полдник, перекус, закуска",
"svatba","свадьба",
"svatý","святой",
"svět","мир",
"světlo","свет",
"světový","мировой",
"svíčková","говяжья вырезка",
"symfonická báseň","симфоническая поэма",
"symfonický","симфонический",
"systém","система",
"šachy","шахматы",
"šalina ., tramvaj","трамвай",
"šampionka","чемпионка",
"šaty","одежда, платье",
"šéfka","руководитель (женщина)",
"šetřit","экономить что",
"školka","детский сад",
"školní","школьный",
"školní docházka","посещение школы",
"školství","система образования, образование",
"šnek","улитка",
"špagety","спагетти",
"Španělsko","Испания",
"šťáva","сок",
"štěkat","лаять",
"šunka","ветчина",
"tablet","планшет",
"takže","так что",
"támlecten/támdlencten ., tamhleten","вон тот",
"tamhle","там вот",
"tanec","танец",
"tedy, teda","тогда, итак, вот",
"technika","техника",
"televizní","телевизионный",
"tenhle","этот",
"teniska","кроссовка, теннисная туфля, кеда",
"teprve","только , лишь",
"termín","дата, время, срок",
"těstoviny","макаронные изделия",
"těšit se na","ожидать с нетерпением чего",
"teta","тетя",
"těžký","тяжелый",
"ticho","тишина, тихо",
"tichý","тихий",
"tisknout, tisknu","печатать что",
"tiše","тихо",
"titul","титул",
"tolik","столько",
"tradice","традиция",
"tradičně","традиционно",
"trafika","киоск",
"tramvajka ., tramvaj","трамвай",
"trávit","проводить что (время)",
"trénovat","тренировать(ся)",
"tretra","шипованная обувь",
"trh","рынок",
"trik","трюк",
"trochu","немного, чуть-чуть",
"trvalý pobyt","постоянное место жительства",
"trvat","длиться",
"třeba","например",
"tři čtvrtě","три четверти (здесь: без пятнадцати)",
"třída","класс",
"tučný","жирный",
"tudy","туда",
"tuk","жир",
"tvaroh","творог",
"tvarohový","творожный",
"tvořit","создавать, творить что",
"tvrdohlavý","упрямый",
"tyčinka","палочка, соломка (здесь: шоколадный батончик)",
"tygr","тигр",
"typ","тип",
"ubytovaný","проживающий, поселенный",
"účastnit se","участвовать в чем",
"účet","счет",
"učiliště, učňák","училище",
"udělovat, A","присуждать кому что",
"uf","уф",
"úklid","уборка",
"uklidnit","успокоить кого",
"uklízeč","уборщик",
"uklízečka","уборщица",
"úkol","задача, задание",
"ulice","улица",
"ulička","переулок, улица",
"úlovek","улов, добыча",
"umřít, umřu","умереть",
"upéct, upeču","запечь что",
"upír","вампир",
"úplně","полностью",
"upravit","обработать, поправить (здесь: обработать в фотошопе) что",
"upravovat","редактировать, исправлять что",
"určitý","определенный, конкретный",
"úřad","учреждение",
"úřad práce, pracák","центр занятости, биржа труда",
"úřední","официальный, служебный (здесь: рабочий)",
"úřední hodiny","часы работы",
"úředník","чиновник",
"úspěch","успех",
"ušetřit","сэкономить что",
"utíkat","убегать",
"utopenec","утопленник (здесь: маринованная колбаса)",
"utrácet","тратить что",
"utratit","потратить что",
"uvařit","приготовить, сварить что",
"uzenina","копченость",
"úzký","узкий",
"užít si, užiju si","насладиться чем, приятно провести время",
"v poslední době","в последнее время",
"vadit, D","беспокоить, раздражать, мешать кому что",
"vajíčko","яйцо",
"vampyrolog, vampyroložka","специалист, женщина-специалист по вампирам",
"vařený","вареный",
"vařit","готовить, варить что",
"vážná hudba","классическая музыка",
"vážně","серьезно, на самом деле",
"vážný","серьезный",
"včas","вóвремя",
"včetně","в том числе, включая что",
"věc","вещь",
"večeře","ужин",
"vědec, vědkyně","ученый, женщина-ученая",
"vedle","рядом, возле чего",
"vegetariánský","вегетарианский",
"vejít se, vejdu se do . do","войти, влезть во что",
"věk","возраст",
"věková skupina","возрастная группа",
"věkový","возрастной",
"veletrh","ярмарка",
"velmi","очень",
"ven","на улицу, вон",
"venku","на улице",
"věnovat, A","посвящать кому что",
"vepřo knedlo zelo","свинина с кнедликами и кислой капустой",
"veřejnost","общественность",
"veřejný","общественный",
"věta","предложение (грамматическое)",
"veterinář","ветеринар",
"většina","большинство",
"většinou","в основном, в большинстве, чаще",
"více, víc","больше, более",
"víckrát","несколько раз, много раз",
"víkendový","на выходные",
"virtuos","виртуоз",
"vlast","родина",
"vlastně","на самом деле, собственно",
"vlastní","собственный",
"vliv","влияние",
"vlk","волк",
"vloni, loni","в прошлом году",
"vnitřní","внутренний",
"vnouče, vnoučata","внук",
"vocať ., odsud, odtud","отсюда, оттуда",
"vodák","турист-водник",
"vodka","водка",
"vodkaď ., odkud","откуда",
"vodník","водяной",
"volno","свободное время",
"volný čas","свободное время",
"vonět","хорошо пахнуть, благоухать",
"vozík","тележка",
"vrátit se","вернуться",
"vstup","вход",
"však","однако",
"všechno","всё",
"všimnout si, všimnu si","заметить кого, обратить внимание на что",
"vtip","шутка",
"vtipně","остроумно, шутливо",
"vůbec","вообще (здесь: совсем)",
"vůně","запах",
"vybírat (si), A","выбирать (себе) кому что",
"výborně","отлично",
"výborný","отличный",
"vybrat (si), vyberu (si) ., A","выбрать (себе) кому что",
"vydělávat","зарабатывать что",
"výhled","вид",
"vyhledávaný","востребованный, пользующийся популярностью",
"výhoda","преимущество",
"vyhodit","выбросить что",
"výhodně","выгодно",
"vyhrát, vyhraju","выиграть что",
"vyhrávat","выигрывать что",
"vyhýbat se","избегать чего",
"východní","восточный",
"vychovávat","воспитывать кого",
"výjimečný","исключительный",
"vyjít, vyjdu . (Vyjde to.)","выйти (здесь: получится, удастся), Это получится.",
"výlet","поездка, экскурсия",
"vyměnit","заменить, поменять что",
"vymlouvat se","оправдываться",
"vynechat","пропустить что, отказаться от чего",
"vypadat","выглядеть",
"vypínat (si), A","выключать где что",
"vyplněný","заполненный",
"vyplnit","заполнить что",
"vypnout, vypnu (si) ., A","выключить где что",
"vyprávět, vypravovat, A","рассказывать кому что",
"výprodej","распродажа",
"vypsat soutěž","объявить конкурс",
"vyrábět","производить что",
"výrobek","продукт, изделие",
"vyřídit (si) ., A","оформить кому что",
"vyřizování","решение, оформление",
"vysoká škola, vysoká ., vejška/výška","университет, вуз",
"vysokoškolské vzdělání","высшее образование",
"vysokoškolský","вузовский, университетский",
"vysoký","высокий (здесь: высший)",
"výstaviště","выставочный комплекс",
"výše","рост, высота, размер",
"výška","высота",
"vyšší odborná škola, voška","высшее профессиональное училище",
"vytisknout, vytisknu","распечатать что",
"vytvářet","создавать что",
"vytvořit","создать что",
"výuční list","свидетельство о профессиональной подготовке",
"využívat, A","использовать что",
"výzkum","исследование",
"významný","известный",
"výživa","питание",
"výživový","питательный",
"výživový poradce","диетолог",
"vzdělání","образование",
"vzdělávací","образовательный",
"vzít (si), vezmu (si) ., A","взять (с собой) кому что",
"vzpomínat na","вспоминать что",
"vztah","отношение",
"WC","туалет",
"webová adresa","веб-адрес, адрес сайта",
"za (za měsíc)","через что, через месяц",
"zábava","развлечение, забава",
"zábavný","развлекательный, забавный",
"začátek","начало",
"začínat","начинать что",
"začít, začnu","начать",
"zahajovat","открывать что",
"zahrádka","садик",
"zajíc","заяц",
"zajímat, A (Zajímá mě…)","интересовать, меня интересует что, Меня интересует…",
"zajímat se o","интересоваться чем",
"zajímavost","интересный факт",
"zajímavý","интересный",
"zajít, zajdu","зайти",
"zákazník","клиент",
"základní","основной, начальный",
"základní škola, základka","начальная школа",
"založený","основанный",
"založit (si) ., A","основать (здесь: открыть) кому что",
"zámecký","замковый",
"zámek","замок",
"zaměřený","направленный",
"zaměstnanec","сотрудник",
"zaměstnání","работа",
"zaměstnavatel","работодатель",
"zamíchat","смешать что",
"zapínat","включать что",
"zapomenout, zapomenu . (na)","забыть о чем",
"zapsat, zapíšu","записать что",
"zařadit","включить во что",
"zařídit (si) ., A","оформить, организовать, оборудовать (здесь: обставить) кому что",
"zásada","принцип",
"zase","снова",
"zatímco","в то время как",
"závod","соревнование",
"zboží","товар",
"zbýt, zbudu, zbydu","остаться",
"zdarma, zadarmo","бесплатно",
"zdát se, D","казаться, сниться, являться в мечтах/снах кому что",
"zde","здесь",
"zdravě","здорóво",
"zdraví","здоровье",
"zdravotní","медицинский",
"zdravotní bratr, zdravotní sestra","медсестра, медбрат",
"zdravotní pojištění","медицинская страховка",
"zdravotní pojišťovna","медицинская страховая компания",
"zdravý","здоровый",
"zelí","капуста",
"zelná polévka, zelňačka","суп из капусты",
"zelný","капустный",
"země","страна",
"zemědělec","фермер",
"zeptat se . na","спросить кого о чем",
"zimní","зимний",
"získat","получить, приобрести что",
"zjistit","выяснить что",
"zkama ., odkud","откуда",
"zkonzumovat","потребить, съесть что",
"zkouška (státní zkouška)","экзамен (государственный экзамен)",
"zkrácený úvazek","неполная занятость, неполная ставка",
"zkusit","попробовать что",
"zkušenost","опыт",
"zlatý","золотой",
"zlepšit","улучшить что",
"zlobit se na","сердиться на кого",
"změnit","изменить что",
"známka","оценка",
"známý","друг, знакомый",
"znovu, znova","опять, снова",
"zodpovědnost","ответственность",
"zoologická zahrada, zoo","зоопарк",
"zorganizovat","организовать что",
"zpráva","сообщение, новость",
"zrušit","отменить что",
"ztrácet","терять что",
"ztratit se","потеряться",
"zúčastnit se","принять участие в чем",
"zůstat, zůstanu","остаться",
"zvát, zvu","звать, приглашать кого",
"zvědavý","любопытный",
"zvíře, zvířata","животное",
"zvykat si na","привыкать к чему",
"zvyklý","привыкший",
"žádat o","требовать, просить (здесь: подавать заявление) о чем",
"žádný","никакой",
"žebříček","рейтинг, ранжир",
"žít, žiju","жить",
"živnostenské oprávnění, živnosťák","лицензия на предпринимательскую деятельность, ИП",
"živnostenský úřad","управление по контролю за предпринимательской деятельностью",
"život","жизнь",
"životní","жизненный",
"životní styl","стиль жизни",
"živý","живой",
